{
  "facebook": "https://facebook.com/",
  "twitter": "https://twitter.com/",
  "instagram": "https://instagram.com/",
  "youtube": "https://youtube.com/",
  "linkedin": "https://linkedin.com/",
  "github": "",
  "gitlab": "",
  "medium": "",
  "codepen": "",
  "bitbucket": "",
  "dribbble": "",
  "behance": "",
  "pinterest": "",
  "soundcloud": "",
  "tumblr": "",
  "reddit": "",
  "vk": "",
  "whatsapp": "",
  "snapchat": "",
  "vimeo": "",
  "tiktok": "",
  "foursquare": "",
  "rss": "",
  "email": "",
  "phone": "",
  "address": "",
  "skype": "",
  "website": ""
}
